{
	"fraud_issue": {
		"id": 243,
		"attributes": {
			"uuid": "40d0483e-005b-11e8-ba89-0ed5f89f718b",
			"type": "Tax Fraud", //values from FraudIssueType table
			"active": true,
			"open_date": "2018-01-22 02:15:58 UTC",
			"closed_date": null,
			"last_activity_date": "2018-01-22 02:15:58 UTC",
			"closed_reason": null, //values from FraudCaseReason table
			"closed_user": null,
			"entity_name": "HR Block",
			"account_number": "20-4985-028450808",
			"phone_number": "6155557777",
			"fax_number": "6158889999",
			"email_address": "support@hrblock.com"
		},
		"insert_date": "2018-01-23 02:15:58 UTC",
		"insert_user": 7098203984,
		"edit_date": null,
		"edit_user": null,
		"void_date": null,
		"void_user": null	
	}	
}