{
	"package": {
		"id": 12,
		"engagement": 11,
		"attributes": {
			"uuid": "40d0483e-005b-11e8-ba89-0ed5f89f718b",
			"type": "Family", //individual or family
			"package_template": 66, 
			"name": "Rite Aid 1BM/WW",
			"package_code": "AB6",
			"service_term_months": 12,
			"allow_manual_enrollment": true,
			"services": [{
				"id": 30,
				"uuid": "b70801c0-ab8b-4c32-b082-1fe332cbed75",
				"type": "Membership Kit", //values from ServiceType table
            	"name": "Membership Kit Service",
            	"vendor": 23
			}]
		},
		"insert_date": "2018-01-23 02:15:58 UTC",
		"insert_user": 7098203984,
		"edit_date": null,
		"edit_user": null,
		"void_date": null,
		"void_user": null
	}
}