{
	"activity_batch": {
		"id": 15,
		"client": 1,
		"attributes": {
			"uuid": "40d03c04-005b-11e8-ba89-0ed5f89f718b",
			"record_count": 12,
			"status": "New", //options are New, Viewed, Exported
			"batch_viewed_date": null,
			"batch_exported_date": null	
		},
		"insert_date": "2018-01-23 02:15:58 UTC",
		"insert_user": 304, //304 is system user, otherwise will be the id in the User table
		"edit_date": null,
		"edit_user": null,
		"void_date": null,
		"void_user": null
	}
}