{
	"member": {
		"id": 2,
		"attributes": {
			"uuid": "29873718-ffa8-11e7-ba89-0ed5f89f718b",
			"client_uuid": "d081cefa-a395-4180-ab64-14fde739f370",
			"prefix": "Mr", //mr, ms, mrs
			"first_name": "John",
			"middle_name": "Q",
			"last_name": "Person",
			"suffix": "Sr", //jr, sr, I-IX
			"date_of_birth": "1975-05-22 02:15:58 UTC",
			"ssn_nin": "QQ123456C", //alpha-numeric b/c NIN to support either.
			"user_info": 242987
		},
		"insert_date": "2018-01-23 02:15:58 UTC",
		"insert_user": 7098203984,
		"edit_date": null,
		"edit_user": null,
		"void_date": null,
		"void_user": null,

		//related data
		"subscriptions": [{
			//...
      	}]
	}
}