{
	"fraud_case": {
		"id": 5,
		"member_subscription": 44,
		"attributes": {
			"type": "Tax Fraud", //values from FraudCaseType table
			"status": "Investigation in Progress", //values from FraudCaseStatus table
			"current_investigator": 242987,
			"original_investigator": 242987,
			"open_date": "2018-01-22 02:15:58 UTC",
			"last_activity_date": "2018-01-23 02:15:58 UTC",
			"last_activity_user": 242987,
			"status_history": [{
				"update_date": "2018-01-23 02:15:58 UTC",
				"update_user": 242987,
				"original_status": "Pending LPoA",
				"new_status": "Investigation in Progress",
				"reason": "LPoA Uploaded to Case" //values from FraudCaseReason table
			},{
				"update_date": "2018-01-22 02:15:58 UTC",
				"update_user": 242987,
				"original_status": null,
				"new_status": "Pending LPoA",
				"reason": "Case Opened"
			}],
			"case_hours": [{
				"date": "2018-01-23 02:15:58 UTC",
				"day_of_week": "Tuesday",
				"hours": 6,
				"investigator": 242987
			},{
				"date": "2018-01-22 02:15:58 UTC",
				"day_of_week": "Monday",
				"hours": 6,
				"investigator": 242987
			}]
		},
		"insert_date": "2018-01-23 02:15:58 UTC",
		"insert_user": 7098203984,
		"edit_date": null,
		"edit_user": null,
		"void_date": null,
		"void_user": null,

		//related data...
		"issues": [{

		}],
		"reminders": [{
			//...
		}],
		"documents": [{

		}],
		"notes": [{
			//...
		}]
	}
}