{
	"engagement": {
		"id": 11,
		"client": 1,
		"attributes": {
			"uuid": "40d044e2-005b-11e8-ba89-0ed5f89f718b",
			"active": true,
			"name": "Rite Aid Breach 2",
			"notes": "Lorem ipsum dolor sit amet.",
			"url": "https://custom-breach-url.domain.com/",
			"activation_window": "2018-08-23 02:15:58 UTC",
			"phone_numbers": [{
				"uuid": "29873dee-ffa8-11e7-ba89-0ed5f89f718b",
				"type": "Primary", //primary, secondary, home, work, cell, fax, csr, billing, etc.
				"number": "5551234567",
				"extension": "4567"
			}],
			"contacts": [{
				"uuid": "29874172-ffa8-11e7-ba89-0ed5f89f718b",
				"type": "Primary", //primary, secondary, technology, client manager, billing, case review, referral, csr, etc.
				"name": "John Johnson",
				"title": "CEO",
				"phone_number": "5556667777",
				"fax_number": null,
				"email_address": "jjceo@company.com",
				"kroll_contact": "Joe Smith"
			}],
			"letters": [{
				"uuid": "40d046a4-005b-11e8-ba89-0ed5f89f718b",
				"attributes": [{
					"type": "Adult", //minor, deceased, adult, international, other
					"vendor": 14,
					"name": "Rite Aide Breach 2 - Adults MA",
					"letter_code": "AC1",
				}]
			}]
		},
		"insert_date": "2018-01-23 02:15:58 UTC",
		"insert_user": 7098203984,
		"edit_date": null,
		"edit_user": null,
		"void_date": null,
		"void_user": null,
		
		//related data
		"packages": [{
			//...
		}]
	}
}