﻿{
  "id": 12345,
  "type": "webhook",
  "path": null,
  "date": "2017-11-22 18:18:30 UTC",
  "caller_attributes": {
    "name" :"legalshield",
    "api_key" :  "hujiaohbhsifd",
    "aes_key": "mhuibwhuiebgh",
    "type":"client",
    "identifier": "guid-njkslnjfklsnfdj",
    "userid": "78936217894678946"
  },
  "headers":[],
  "body": {
    "id": 1,
    "object": "PublicationEvent",
    "created_at": "2017-11-22 18:18:30 UTC",
    "updated_at": "2017-11-22 18:18:30 UTC",
    "subject": "User",
    "action": "created",
    "data": {
      "id": 1,
      "object": "User",
      "created_at": "2017-11-22 18:18:28 UTC",
      "updated_at": "2017-11-22 18:18:28 UTC",
      "first_name": "John",
      "last_name": "Smith",
      "postal_code": "12345",
      "date_of_birth": "1975-01-01",
      "memberships": [
        {
          "id": 1,
          "object": "Membership", //this value declares the membership
          "created_at": "2017-11-22 18:18:28 UTC",
          "updated_at": "2017-11-22 18:18:28 UTC",
          "type": "primary", //type of membership
          "account": { //subscriptions
            "id": 1,
            "object": "Account",
            "created_at": "2017-11-22 18:18:28 UTC",
            "updated_at": "2017-11-22 18:18:28 UTC",
            "account_number": 1,
            "status": "active", //maps to active bool
            "plans": [
              {
                "id": 1,
                "object": "Plan", //declare type of plan
                "created_at": "2017-11-22 18:18:28 UTC",
                "updated_at": "2017-11-22 18:18:28 UTC",
                "name": "Identity Family Plan", //subscription is family or individual
                "benefits": [ //services
                  {
                    "id": 1, //service id
                    "object": "Benefit", //
                    "created_at": "2017-11-22 18:18:28 UTC",
                    "updated_at": "2017-11-22 18:18:28 UTC",
                    "name": "Example Benefit",
                    "external_id": 123
                  }
                ]
              }
            ]
          }
        }
      ]
    }
  }
}
