﻿{
  "uuid": "29873718-ffa8-11e7-ba89-0ed5f89f718b",
  "client_uuid": "d081cefa-a395-4180-ab64-14fde739f370",
  "prefix": "Mr", //mr, ms, mrs
  "fname": "John",
  "mname": "Q",
  "lname": "Person",
  "suffix": "Sr", //jr, sr, I-IX
  "dob": "1975-05-22 02:15:58 UTC",
  "ssn": "QQ123456C", //alpha-numeric b/c NIN to support either.
  "user_info": 242987,
  "subscription": {
    "uuid": "9823871b-bafc-40b6-969c-4db48aa40ee9",
    "type": "Individual",
    "subscriptions": [
      {
        "ServiceID": 416628084454084608,
        "VendorID": 416628084370198528,
        "Attributes": "{\"uuid\":\"1601818a-179a-4737-9325-f1d2e1f48113\",\"type\":\"Online Credit Monitoring\",\"name\":\"Example Online Credit Monitoring Service\"}",
        "InsertUser": 304,
        "InsertDate": "2018-02-23T16:11:15.9109594Z",
        "EditUser": null,
        "EditDate": null,
        "VoidUser": null,
        "VoidDate": null
      },
      {
        "ServiceID": 416628084462473216,
        "VendorID": 416628084391170048,
        "Attributes": "{\"uuid\":\"b696090d-65c0-4926-89c6-4487fa23f356\",\"type\":\"CyberDetectER\",\"name\":\"Example CyberDetectER Service\"}",
        "InsertUser": 304,
        "InsertDate": "2018-02-23T16:11:15.9114593Z",
        "EditUser": null,
        "EditDate": null,
        "VoidUser": null,
        "VoidDate": null
      },
      {
        "ServiceID": 416628084462473217,
        "VendorID": 416628084391170049,
        "Attributes": "{\"uuid\":\"17b9a673-accf-45e1-8712-c18a2e985783\",\"type\":\"AutoDialer\",\"name\":\"Example AutoDialer Service\"}",
        "InsertUser": 304,
        "InsertDate": "2018-02-23T16:11:15.9114593Z",
        "EditUser": null,
        "EditDate": null,
        "VoidUser": null,
        "VoidDate": null
      },
      {
        "ServiceID": 416628084462473218,
        "VendorID": 416628084391170050,
        "Attributes": "{\"uuid\":\"c7ecadad-1278-46e1-831d-30caa555ee4f\",\"type\":\"Membership Kit\",\"name\":\"Example Membership Kit Service\"}",
        "InsertUser": 304,
        "InsertDate": "2018-02-23T16:11:15.9114593Z",
        "EditUser": null,
        "EditDate": null,
        "VoidUser": null,
        "VoidDate": null
      }
    ],
    "engagement": null,
    "package": null
  },
  "user": {
    "uuid": "35d1969f-2368-44e6-a625-2af60d106108",
    "type": "Kroll User",
    "prefix": null,
    "first_name": "Agent",
    "middle_name": null,
    "last_name": "TestUser",
    "suffix": null,
    "email_address": "catu@fakekroll.com"
  },
  "useraccount": {
    "uuid": "f49394cb-e974-4fb7-8de5-98940c9b5888",
    "user_pool": "us-east-1_uVTSToRCOo",
    "user_name": "PrimaryMemberTestUser",
    "preferred_username": "PrimaryMemberTestUser",
    "last_login_date": null,
    "failed_login_attempt_count": 0,
    "failed_login_attempt_start_date": null,
    "is_password_stale": false,
    "is_password_reset_pending": false,
    "last_password_reset_date": null,
    "password_question": 1,
    "password_answer": "Test",
    "failed_password_answer_attempt_count": 0,
    "failed_password_answer_attempt_start_date": null,
    "is_locked_out": false,
    "last_lockout_start_date": null,
    "last_terms_acknowledgement_date": "2018-02-23T16:11:15.8258652Z",
    "access_code": null,
    "permissions": null
  }
}
