{
  "member": {
    "id": null,
    "attributes": {
      "uuid": null,
      "client_uuid": null,
      "prefix": null,
      "first_name": null,
      "middle_name": null,
      "last_name": null,
      "suffix": null,
      "date_of_birth": null,
      "ssn_nin": null,
      "user_info": null
    },
    "insert_date": null,
    "insert_user": null,
    "edit_date": null,
    "edit_user": null,
    "void_date": null,
    "void_user": null,
    "subscriptions": [
      {
        "name": null
      }
    ]
  }
}