{
  "event": {
    "services": [
      {
        "servicename": null,
        "isrequired": true
      }
    ]
  },
  "definitions": {
    "member": {
      "id": {
        "datapayload": "kroll_client",
        "parentobject": "client",
        "filterexpression": "id",
        "required": true,
        "deleteifnull": true,
        "tag": ""
      },
      "uuid": {
        "datapayload": "kroll_client",
        "parentobject": "client.attributes",
        "filterexpression": "uuid",
        "required": true,
        "deleteifnull": true,
        "tag": ""
      },
      "primaryaddresscity": {
        "datapayload": "kroll_client",
        "parentobject": "client.attributes.addresses",
        "filterexpression": "[?(@.type == 'Primary')].city",
        "required": true,
        "deleteifnull": true,
        "tag": ""
      },
      "phonenumber": {
        "datapayload": "JObject",
        "parentobject": "phone_number",
        "filterexpression": "",
        "required": true,
        "deleteifnull": false,
        "tag": "object"
      },
      "currenttime": {
        "datapayload": "EObject",
        "parentobject": "",
        "filterexpression": "GetDateTime",
        "required": true,
        "deleteifnull": false,
        "tag": ""
      },
      "jsonobject": {
        "datapayload": "EObject",
        "parentobject": "",
        "filterexpression": "GetJsonObject",
        "required": true,
        "deleteifnull": false,
        "tag": "keith"
      },
      "contacts": {
        "datapayload": "JArray", //reflects a population multiple objects
        "parentobject": "client.attributes.contacts", //location of the array
        "filterexpression": "", //use this for querying from within the array
        "required": true,
        "deleteifnull": false,
        "tag": "{\"datapayload\":\"kroll_client\", \"jstructure\" : \"contact\"}" //datapayload name & location of the object structure
      }
    },
    "phone_number": {
      "number": {
        "datapayload": "kroll_client",
        "parentobject": "client.attributes.phone_numbers",
        "filterexpression": "[?(@.type == 'Primary')].number",
        "required": true,
        "deleteifnull": true,
        "tag": ""
      },
      "extension": {
        "datapayload": "kroll_client",
        "parentobject": "client.attributes.phone_numbers",
        "filterexpression": "[?(@.type == 'Primary')].extension",
        "required": true,
        "deleteifnull": true,
        "tag": ""
      },
      "address": {
        "datapayload": "JObject",
        "parentobject": "primaryaddress",
        "filterexpression": "",
        "required": true,
        "deleteifnull": true,
        "tag": "object"
      }
    },
    "primaryaddress": {
      "address1": {
        "datapayload": "kroll_client",
        "parentobject": "client.attributes.addresses",
        "filterexpression": "[?(@.type == 'Primary')].address1",
        "required": true,
        "deleteifnull": true,
        "tag": ""
      },
      "address2": {
        "datapayload": "kroll_client",
        "parentobject": "client.attributes.addresses",
        "filterexpression": "[?(@.type == 'Primary')].address2",
        "required": false,
        "deleteifnull": true,
        "tag": ""
      },
      "city": {
        "datapayload": "kroll_client",
        "parentobject": "client.attributes.addresses",
        "filterexpression": "[?(@.type == 'Primary')].city",
        "required": true,
        "deleteifnull": true,
        "tag": ""
      },
      "state_province": {
        "datapayload": "kroll_client",
        "parentobject": "client.attributes.addresses",
        "filterexpression": "[?(@.type == 'Primary')].state_province",
        "required": false,
        "deleteifnull": true,
        "tag": ""
      },
      "country": {
        "datapayload": "kroll_client",
        "parentobject": "client.attributes.addresses",
        "filterexpression": "[?(@.type == 'Primary')].country",
        "required": true,
        "deleteifnull": true,
        "tag": ""
      },
      "postal_code": {
        "datapayload": "kroll_client",
        "parentobject": "client.attributes.addresses",
        "filterexpression": "[?(@.type == 'Primary')].postal_code",
        "required": true,
        "deleteifnull": true,
        "tag": ""
      }
    },
    "contact": {
      "name": {
        "datapayload": "internal",
        "parentobject": "",
        "filterexpression": "name",
        "required": true,
        "deleteifnull": true,
        "tag": ""
      },
      "title": {
        "datapayload": "internal",
        "parentobject": "",
        "filterexpression": "title",
        "required": true,
        "deleteifnull": true,
        "tag": ""
      },
      "phone": {
        "datapayload": "internal",
        "parentobject": "",
        "filterexpression": "phone_number",
        "required": true,
        "deleteifnull": true,
        "tag": ""
      },
      "email": {
        "datapayload": "internal",
        "parentobject": "",
        "filterexpression": "email_address",
        "required": true,
        "deleteifnull": true,
        "tag": ""
      },
      "kroll_contact": {
        "datapayload": "internal",
        "parentobject": "",
        "filterexpression": "kroll_contact",
        "required": true,
        "deleteifnull": true,
        "tag": ""
      }
    }
  },
  "parentobject": {
    "jsonobject": "member"
  },
  "jsonstructures": {
    "member": {
      "id": null,
      "uuid": null,
      "primaryaddresscity": null,
      "phonenumber": null,
      "currenttime": null,
      "jsonobject": null,
      "contacts": null
    },
    "primaryaddress": {
      "address1": null,
      "address2": null,
      "city": null,
      "state_province": null,
      "country": null,
      "postal_code": null
    },
    "phone_number": {
      "number": null,
      "extension": null,
      "address" : null
    },
    "contact": {
        "name": null,
        "title": null,
        "phone": null,
        "email": null,
        "kroll_contact": null
      }
  }
}