﻿{
  "member": {
    "id": null,
    "attributes": null,
    "insert_user": null, //set to 304
    "insert_date": null,
    "edit_user": null,
    "edit_date": null,
    "void_user": null,
    "void_date": null,
    "subscriptions": null,
    "ssn": null,
    "nin": null,
    "uuid": null,
    "client_uuid": null,
    "prefix": null,
    "first_name": null,
    "middle_name": null,
    "last_name": null,
    "suffix": null,
    "date_of_birth": null,
    "user_info": null
  },
  "subscriptions": {
    "id": null,
    "attributes": null,
    "insert_user": null,
    "insert_date": null,
    "edit_user": null,
    "edit_date": null,
    "void_user": null,
    "void_date": null,
    "active": null,
    "csid_status": null,
    "csid_status_change_date": null,
    "authentication_status": null,
    "authentication_status_change_date": null,
    "services": null,
    "uuid": null,
    "client_uuid": null,
    "subscriber_number": null,
    "membership_type": null,
    "subscription_type": null,
    "last_search_date": null,
    "family_members": null,
    "monitored_data": null
  }
}