﻿{
  "member": {
    "id": {
      "dataPayload": "kroll_client",
      "parentObject": "id",
      "filterExpression": "",
      "required": true,
      "deleteIfNull": true,
      "tag": ""
    },
    "attributes": {
      "dataPayload": "jObject",
      "parentObject": "attributes",
      "filterExpression": "",
      "required": true,
      "deleteIfNull": false,
      "tag": ""
    },
    "insert_date": {
      "dataPayload": "demo",
      "parentObject": "demo",
      "filterExpression": "demo",
      "required": true,
      "deleteIfNull": true,
      "tag": ""
    },
    "insert_user": {
      "dataPayload": "demo",
      "parentObject": "demo",
      "filterExpression": "demo",
      "required": true,
      "deleteIfNull": true,
      "tag": ""
    },
    "edit_date": {
      "dataPayload": "demo",
      "parentObject": "demo",
      "filterExpression": "demo",
      "required": true,
      "deleteIfNull": true,
      "tag": ""
    },
    "edit_user": {
      "dataPayload": "demo",
      "parentObject": "demo",
      "filterExpression": "demo",
      "required": true,
      "deleteIfNull": true,
      "tag": ""
    },
    "void_date": {
      "dataPayload": "demo",
      "parentObject": "demo",
      "filterExpression": "demo",
      "required": true,
      "deleteIfNull": true,
      "tag": ""
    },
    "void_user": {
      "dataPayload": "demo",
      "parentObject": "demo",
      "filterExpression": "demo",
      "required": true,
      "deleteIfNull": true,
      "tag": ""
    },
    "subscriptions": {
      "dataPayload": "jArray",
      "parentObject": "subscriptions.object",
      "filterExpression": "",
      "required": true,
      "deleteIfNull": true,
      "tag": ""
    }
  },
  "attributes": {
    "uuid": {
      "dataPayload": "demo",
      "parentObject": "demo",
      "filterExpression": "demo",
      "required": true,
      "deleteIfNull": true,
      "tag": ""
    },
    "client_uuid": {
      "dataPayload": "demo",
      "parentObject": "demo",
      "filterExpression": "demo",
      "required": true,
      "deleteIfNull": true,
      "tag": ""
    },
    "prefix": {
      "dataPayload": "demo",
      "parentObject": "demo",
      "filterExpression": "demo",
      "required": true,
      "deleteIfNull": true,
      "tag": ""
    },
    "first_name": {
      "dataPayload": "demo",
      "parentObject": "demo",
      "filterExpression": "demo",
      "required": true,
      "deleteIfNull": true,
      "tag": ""
    },
    "middle_name": {
      "dataPayload": "demo",
      "parentObject": "demo",
      "filterExpression": "demo",
      "required": true,
      "deleteIfNull": true,
      "tag": ""
    },
    "last_name": {
      "dataPayload": "demo",
      "parentObject": "demo",
      "filterExpression": "demo",
      "required": true,
      "deleteIfNull": true,
      "tag": ""
    },
    "suffix": {
      "dataPayload": "demo",
      "parentObject": "demo",
      "filterExpression": "demo",
      "required": true,
      "deleteIfNull": true,
      "tag": ""
    },
    "date_of_birth": {
      "dataPayload": "demo",
      "parentObject": "demo",
      "filterExpression": "demo",
      "required": true,
      "deleteIfNull": true,
      "tag": ""
    },
    "ssn_nin": {
      "dataPayload": "demo",
      "parentObject": "demo",
      "filterExpression": "demo",
      "required": true,
      "deleteIfNull": true,
      "tag": ""
    },
    "user_info": {
      "dataPayload": "demo",
      "parentObject": "demo",
      "filterExpression": "demo",
      "required": true,
      "deleteIfNull": true,
      "tag": ""
    }
  },
  "subscriptions.object":
    {
      "name": null
    }
}
